{
  "mrr": 0.8611169457435608,
  "auc": 0.9646585659232658,
  "ap": 0.8249711844993284,
  "hits@1": 0.8174123167991638,
  "hits@3": 0.8935337066650391,
  "hits@10": 0.9294063448905945,
  "hits@50": 0.9729371666908264,
  "hits@100": 0.9991362690925598
}