{
  "mrr": 0.9019330143928528,
  "auc": 0.9758451861917521,
  "ap": 0.8814157689626861,
  "hits@1": 0.8699257373809814,
  "hits@3": 0.9269879460334778,
  "hits@10": 0.9480048418045044,
  "hits@50": 0.9807681441307068,
  "hits@100": 0.999942421913147
}