{
  "mrr": 0.8686349987983704,
  "auc": 0.9759720666791973,
  "ap": 0.8338534454398372,
  "hits@1": 0.8205216526985168,
  "hits@3": 0.9071227312088013,
  "hits@10": 0.9416133761405945,
  "hits@50": 0.9821500778198242,
  "hits@100": 0.9997121095657349
}