{
  "mrr": 0.8523095846176147,
  "auc": 0.9839916833215552,
  "ap": 0.7871430005416189,
  "hits@1": 0.7792477011680603,
  "hits@3": 0.9153423309326172,
  "hits@10": 0.9652155637741089,
  "hits@50": 0.9917159676551819,
  "hits@100": 0.9995773434638977
}