{
  "mrr": 0.7431777715682983,
  "auc": 0.974963172486529,
  "ap": 0.5989319590304417,
  "hits@1": 0.6603127717971802,
  "hits@3": 0.793110728263855,
  "hits@10": 0.8963651657104492,
  "hits@50": 0.9944632053375244,
  "hits@100": 1.0
}