{
  "mrr": 0.8102312088012695,
  "auc": 0.978080870249784,
  "ap": 0.7045966159366867,
  "hits@1": 0.7265849709510803,
  "hits@3": 0.872738778591156,
  "hits@10": 0.9595942497253418,
  "hits@50": 0.9874894618988037,
  "hits@100": 0.9956466555595398
}