{
  "mrr": 0.8340474963188171,
  "auc": 0.9659179772771431,
  "ap": 0.782237376541408,
  "hits@1": 0.7780272960662842,
  "hits@3": 0.871595561504364,
  "hits@10": 0.9334369897842407,
  "hits@50": 0.9796165227890015,
  "hits@100": 0.9996545314788818
}