{
  "mrr": 0.8004473447799683,
  "auc": 0.9545804074575921,
  "ap": 0.7417003998929336,
  "hits@1": 0.7496976852416992,
  "hits@3": 0.8269706964492798,
  "hits@10": 0.893303394317627,
  "hits@50": 0.9677549600601196,
  "hits@100": 0.9995969533920288
}