{
  "mrr": 0.8950269818305969,
  "auc": 0.9653882003452449,
  "ap": 0.8749130886026731,
  "hits@1": 0.8677952289581299,
  "hits@3": 0.9132838249206543,
  "hits@10": 0.9368342161178589,
  "hits@50": 0.9754131436347961,
  "hits@100": 0.9993090629577637
}