{
  "mrr": 0.13555651903152466,
  "auc": 0.7029652615534661,
  "ap": 0.02516352691626014,
  "hits@1": 0.042132921516895294,
  "hits@3": 0.11989416182041168,
  "hits@10": 0.34071990847587585,
  "hits@50": 0.8128181099891663,
  "hits@100": 0.9996692538261414
}