{
  "mrr": 0.7187147736549377,
  "auc": 0.986453787205289,
  "ap": 0.538708642027344,
  "hits@1": 0.5847527980804443,
  "hits@3": 0.8264520764350891,
  "hits@10": 0.9430571794509888,
  "hits@50": 0.995957612991333,
  "hits@100": 1.0
}