{
  "mrr": 0.6257482171058655,
  "auc": 0.9755453077619447,
  "ap": 0.4096014694995107,
  "hits@1": 0.47241055965423584,
  "hits@3": 0.7335134148597717,
  "hits@10": 0.9123165011405945,
  "hits@50": 0.9937893748283386,
  "hits@100": 0.9999632239341736
}