{
  "train_loss": [
    34.32509002685547
  ],
  "val_loss": [
    34.53877639770508
  ],
  "selector_alpha": [
    0.5
  ],
  "selector_threshold": [
    0.00014727041707374156
  ],
  "best_val_loss": Infinity,
  "best_epoch": 0
}