{
  "FB15K237": [
    {
      "model_name": "GCN",
      "num_params": 296449,
      "train_time": 23.215875387191772,
      "best_val_mrr": 0.009955891408026218,
      "best_epoch": 5,
      "stopped_early": true,
      "test_results": {
        "mrr": 0.009955001063644886,
        "auc": 0.5022750992657432,
        "ap": 0.009945797423435767,
        "hits@1": 0.0,
        "hits@3": 0.0,
        "hits@10": 0.0,
        "hits@50": 0.0,
        "hits@100": 0.4193998873233795
      }
    },
    {
      "model_name": "SAGE",
      "num_params": 460289,
      "train_time": 395.6632401943207,
      "best_val_mrr": 0.6453016400337219,
      "best_epoch": 410,
      "stopped_early": true,
      "test_results": {
        "mrr": 0.6428437232971191,
        "auc": 0.9798519888156512,
        "ap": 0.42232996000442896,
        "hits@1": 0.4894438087940216,
        "hits@3": 0.753302812576294,
        "hits@10": 0.9248296022415161,
        "hits@50": 0.9957738518714905,
        "hits@100": 1.0
      }
    },
    {
      "model_name": "GAT",
      "num_params": 1580545,
      "train_time": 407.5342478752136,
      "best_val_mrr": 0.6266291737556458,
      "best_epoch": 185,
      "stopped_early": true,
      "test_results": {
        "mrr": 0.6257482171058655,
        "auc": 0.9755453077619447,
        "ap": 0.4096014694995107,
        "hits@1": 0.47241055965423584,
        "hits@3": 0.7335134148597717,
        "hits@10": 0.9123165011405945,
        "hits@50": 0.9937893748283386,
        "hits@100": 0.9999632239341736
      }
    }
  ],
  "WN18RR": [
    {
      "model_name": "GCN",
      "num_params": 296449,
      "train_time": 21.346869468688965,
      "best_val_mrr": 0.013528212904930115,
      "best_epoch": 75,
      "stopped_early": true,
      "test_results": {
        "mrr": 0.013392431661486626,
        "auc": 0.4930059808922694,
        "ap": 0.009753957028669815,
        "hits@1": 0.0021880578715354204,
        "hits@3": 0.0033972477540373802,
        "hits@10": 0.004606437403708696,
        "hits@50": 0.009155294857919216,
        "hits@100": 0.9224390983581543
      }
    },
    {
      "model_name": "SAGE",
      "num_params": 460289,
      "train_time": 105.78619837760925,
      "best_val_mrr": 0.8351132869720459,
      "best_epoch": 355,
      "stopped_early": true,
      "test_results": {
        "mrr": 0.8340474963188171,
        "auc": 0.9659179772771431,
        "ap": 0.782237376541408,
        "hits@1": 0.7780272960662842,
        "hits@3": 0.871595561504364,
        "hits@10": 0.9334369897842407,
        "hits@50": 0.9796165227890015,
        "hits@100": 0.9996545314788818
      }
    },
    {
      "model_name": "GAT",
      "num_params": 1580545,
      "train_time": 170.18119525909424,
      "best_val_mrr": 0.8658152222633362,
      "best_epoch": 265,
      "stopped_early": true,
      "test_results": {
        "mrr": 0.8686349987983704,
        "auc": 0.9759720666791973,
        "ap": 0.8338534454398372,
        "hits@1": 0.8205216526985168,
        "hits@3": 0.9071227312088013,
        "hits@10": 0.9416133761405945,
        "hits@50": 0.9821500778198242,
        "hits@100": 0.9997121095657349
      }
    }
  ],
  "NELL-995": [
    {
      "model_name": "GCN",
      "num_params": 296449,
      "train_time": 14.601344108581543,
      "best_val_mrr": 0.28254401683807373,
      "best_epoch": 20,
      "stopped_early": true,
      "test_results": {
        "mrr": 0.2816592752933502,
        "auc": 0.6709997295262773,
        "ap": 0.020588251425395422,
        "hits@1": 0.21141166985034943,
        "hits@3": 0.3246830105781555,
        "hits@10": 0.3995773494243622,
        "hits@50": 0.40295857191085815,
        "hits@100": 0.5502958297729492
      }
    },
    {
      "model_name": "SAGE",
      "num_params": 460289,
      "train_time": 155.98002290725708,
      "best_val_mrr": 0.8130900859832764,
      "best_epoch": 380,
      "stopped_early": true,
      "test_results": {
        "mrr": 0.8102312088012695,
        "auc": 0.978080870249784,
        "ap": 0.7045966159366867,
        "hits@1": 0.7265849709510803,
        "hits@3": 0.872738778591156,
        "hits@10": 0.9595942497253418,
        "hits@50": 0.9874894618988037,
        "hits@100": 0.9956466555595398
      }
    },
    {
      "model_name": "GAT",
      "num_params": 1580545,
      "train_time": 164.10150861740112,
      "best_val_mrr": 0.7952151894569397,
      "best_epoch": 180,
      "stopped_early": true,
      "test_results": {
        "mrr": 0.7948874235153198,
        "auc": 0.9707200291767208,
        "ap": 0.7110323808802927,
        "hits@1": 0.7157649993896484,
        "hits@3": 0.8543533682823181,
        "hits@10": 0.9302197694778442,
        "hits@50": 0.9831783771514893,
        "hits@100": 0.9995773434638977
      }
    }
  ]
}