{
  "FB15K237": [
    {
      "model_name": "GCN",
      "num_params": 296449,
      "train_time": 154.97743844985962,
      "best_val_mrr": 0.010453801602125168,
      "best_epoch": 5,
      "stopped_early": true,
      "test_results": {
        "mrr": 0.010506484657526016,
        "auc": 0.49794156396290146,
        "ap": 0.009902488101408494,
        "hits@1": 0.000496113789267838,
        "hits@3": 0.000716608774382621,
        "hits@10": 0.000771732535213232,
        "hits@50": 0.000808481709100306,
        "hits@100": 0.000826856296043843
      }
    },
    {
      "model_name": "SAGE",
      "num_params": 460289,
      "train_time": 1430.945741891861,
      "best_val_mrr": 0.7414293885231018,
      "best_epoch": 1415,
      "stopped_early": true,
      "test_results": {
        "mrr": 0.7390618324279785,
        "auc": 0.9879979915302827,
        "ap": 0.5682289567402693,
        "hits@1": 0.6167429089546204,
        "hits@3": 0.8374584317207336,
        "hits@10": 0.9412931799888611,
        "hits@50": 0.9971151947975159,
        "hits@100": 0.9999816417694092
      }
    },
    {
      "model_name": "GAT",
      "num_params": 1580545,
      "train_time": 2877.443747520447,
      "best_val_mrr": 0.7194463610649109,
      "best_epoch": 1270,
      "stopped_early": true,
      "test_results": {
        "mrr": 0.7187147736549377,
        "auc": 0.986453787205289,
        "ap": 0.538708642027344,
        "hits@1": 0.5847527980804443,
        "hits@3": 0.8264520764350891,
        "hits@10": 0.9430571794509888,
        "hits@50": 0.995957612991333,
        "hits@100": 1.0
      }
    }
  ],
  "WN18RR": [
    {
      "model_name": "GCN",
      "num_params": 296449,
      "train_time": 713.5596814155579,
      "best_val_mrr": 0.7925271987915039,
      "best_epoch": 2460,
      "stopped_early": true,
      "test_results": {
        "mrr": 0.796219527721405,
        "auc": 0.9771258982907048,
        "ap": 0.6920320742690066,
        "hits@1": 0.7184891104698181,
        "hits@3": 0.849311888217926,
        "hits@10": 0.9398859739303589,
        "hits@50": 0.9837623238563538,
        "hits@100": 0.9994817972183228
      }
    },
    {
      "model_name": "SAGE",
      "num_params": 460289,
      "train_time": 392.06712770462036,
      "best_val_mrr": 0.8936417698860168,
      "best_epoch": 1210,
      "stopped_early": true,
      "test_results": {
        "mrr": 0.8950269818305969,
        "auc": 0.9653882003452449,
        "ap": 0.8749130886026731,
        "hits@1": 0.8677952289581299,
        "hits@3": 0.9132838249206543,
        "hits@10": 0.9368342161178589,
        "hits@50": 0.9754131436347961,
        "hits@100": 0.9993090629577637
      }
    },
    {
      "model_name": "GAT",
      "num_params": 1580545,
      "train_time": 726.0718705654144,
      "best_val_mrr": 0.8991095423698425,
      "best_epoch": 1025,
      "stopped_early": true,
      "test_results": {
        "mrr": 0.9019330143928528,
        "auc": 0.9758451861917521,
        "ap": 0.8814157689626861,
        "hits@1": 0.8699257373809814,
        "hits@3": 0.9269879460334778,
        "hits@10": 0.9480048418045044,
        "hits@50": 0.9807681441307068,
        "hits@100": 0.999942421913147
      }
    }
  ],
  "NELL-995": [
    {
      "model_name": "GCN",
      "num_params": 296449,
      "train_time": 398.04486083984375,
      "best_val_mrr": 0.5235438346862793,
      "best_epoch": 1035,
      "stopped_early": true,
      "test_results": {
        "mrr": 0.5220892429351807,
        "auc": 0.9045556966417743,
        "ap": 0.2847222675400222,
        "hits@1": 0.420836865901947,
        "hits@3": 0.5927726030349731,
        "hits@10": 0.6610735654830933,
        "hits@50": 0.9135249257087708,
        "hits@100": 0.9975908994674683
      }
    },
    {
      "model_name": "SAGE",
      "num_params": 460289,
      "train_time": 559.9496986865997,
      "best_val_mrr": 0.8568650484085083,
      "best_epoch": 1255,
      "stopped_early": true,
      "test_results": {
        "mrr": 0.8523095846176147,
        "auc": 0.9839916833215552,
        "ap": 0.7871430005416189,
        "hits@1": 0.7792477011680603,
        "hits@3": 0.9153423309326172,
        "hits@10": 0.9652155637741089,
        "hits@50": 0.9917159676551819,
        "hits@100": 0.9995773434638977
      }
    },
    {
      "model_name": "GAT",
      "num_params": 1580545,
      "train_time": 949.3812100887299,
      "best_val_mrr": 0.8204739689826965,
      "best_epoch": 985,
      "stopped_early": true,
      "test_results": {
        "mrr": 0.8161330223083496,
        "auc": 0.966732994927077,
        "ap": 0.7499544769870196,
        "hits@1": 0.7406593561172485,
        "hits@3": 0.8781065344810486,
        "hits@10": 0.9368554353713989,
        "hits@50": 0.978064239025116,
        "hits@100": 0.9990701675415039
      }
    }
  ]
}