{
  "mrr": 0.7948874235153198,
  "auc": 0.9707200291767208,
  "ap": 0.7110323808802927,
  "hits@1": 0.7157649993896484,
  "hits@3": 0.8543533682823181,
  "hits@10": 0.9302197694778442,
  "hits@50": 0.9831783771514893,
  "hits@100": 0.9995773434638977
}