{
  "mrr": 0.7694917917251587,
  "auc": 0.962900278530235,
  "ap": 0.6695658915018629,
  "hits@1": 0.6869399547576904,
  "hits@3": 0.8275570869445801,
  "hits@10": 0.9103550314903259,
  "hits@50": 0.9767540097236633,
  "hits@100": 0.9992392063140869
}