{
  "mrr": 0.8161330223083496,
  "auc": 0.966732994927077,
  "ap": 0.7499544769870196,
  "hits@1": 0.7406593561172485,
  "hits@3": 0.8781065344810486,
  "hits@10": 0.9368554353713989,
  "hits@50": 0.978064239025116,
  "hits@100": 0.9990701675415039
}