{
  "mrr": 0.013392431661486626,
  "auc": 0.4930059808922694,
  "ap": 0.009753957028669815,
  "hits@1": 0.0021880578715354204,
  "hits@3": 0.0033972477540373802,
  "hits@10": 0.004606437403708696,
  "hits@50": 0.009155294857919216,
  "hits@100": 0.9224390983581543
}