{
  "mrr": 0.17255927622318268,
  "auc": 0.602290742283724,
  "ap": 0.04336049576193334,
  "hits@1": 0.09978695213794708,
  "hits@3": 0.17711752653121948,
  "hits@10": 0.29233604669570923,
  "hits@50": 0.6474923491477966,
  "hits@100": 0.937582790851593
}