{
  "mrr": 0.796219527721405,
  "auc": 0.9771258982907048,
  "ap": 0.6920320742690066,
  "hits@1": 0.7184891104698181,
  "hits@3": 0.849311888217926,
  "hits@10": 0.9398859739303589,
  "hits@50": 0.9837623238563538,
  "hits@100": 0.9994817972183228
}