{
  "mrr": 0.5220892429351807,
  "auc": 0.9045556966417743,
  "ap": 0.2847222675400222,
  "hits@1": 0.420836865901947,
  "hits@3": 0.5927726030349731,
  "hits@10": 0.6610735654830933,
  "hits@50": 0.9135249257087708,
  "hits@100": 0.9975908994674683
}