{
  "mrr": 0.2816592752933502,
  "auc": 0.6709997295262773,
  "ap": 0.020588251425395422,
  "hits@1": 0.21141166985034943,
  "hits@3": 0.3246830105781555,
  "hits@10": 0.3995773494243622,
  "hits@50": 0.40295857191085815,
  "hits@100": 0.5502958297729492
}