{
  "mrr": 0.02097046934068203,
  "auc": 0.49616891961994697,
  "ap": 0.009760912023416685,
  "hits@1": 0.00743871508166194,
  "hits@3": 0.009340659715235233,
  "hits@10": 0.013989856466650963,
  "hits@50": 0.03465764969587326,
  "hits@100": 0.9659340381622314
}