{
  "mrr": 0.010506484657526016,
  "auc": 0.49794156396290146,
  "ap": 0.009902488101408494,
  "hits@1": 0.000496113789267838,
  "hits@3": 0.000716608774382621,
  "hits@10": 0.000771732535213232,
  "hits@50": 0.000808481709100306,
  "hits@100": 0.000826856296043843
}