{
  "mrr": 0.009955001063644886,
  "auc": 0.5022750992657432,
  "ap": 0.009945797423435767,
  "hits@1": 0.0,
  "hits@3": 0.0,
  "hits@10": 0.0,
  "hits@50": 0.0,
  "hits@100": 0.4193998873233795
}