{
  "mrr": 0.009967799298465252,
  "auc": 0.5023174145949816,
  "ap": 0.009946635239636256,
  "hits@1": 0.0,
  "hits@3": 3.6749170249095187e-05,
  "hits@10": 3.6749170249095187e-05,
  "hits@50": 3.6749170249095187e-05,
  "hits@100": 0.4231299161911011
}