{
  "final_params": {
    "alpha": 0.5020567178726196,
    "threshold_percentile": 0.29750749468803406,
    "sharpness": 100.0,
    "adaptive_threshold": true
  },
  "timestamp": "2025-11-29T05:07:15.308474",
  "evolution": {
    "alpha": [
      0.49987509846687317,
      0.4997767508029938,
      0.4996676743030548,
      0.4995766878128052,
      0.4995547831058502,
      0.4995468258857727,
      0.49959132075309753,
      0.49966078996658325,
      0.4997469186782837,
      0.4998190999031067,
      0.4999028146266937,
      0.4999544620513916,
      0.5000199675559998,
      0.5000888705253601,
      0.5001242160797119,
      0.5001692175865173,
      0.5002199411392212,
      0.5002633333206177,
      0.5003160834312439,
      0.5003875494003296,
      0.5004683136940002,
      0.500552773475647,
      0.5006231069564819,
      0.500691831111908,
      0.5007451772689819,
      0.50077885389328,
      0.5008153915405273,
      0.500857949256897,
      0.5009140968322754,
      0.5009705424308777,
      0.5010066032409668,
      0.5010396838188171,
      0.5010818839073181,
      0.5011033415794373,
      0.5011464357376099,
      0.5011978149414062,
      0.5012611150741577,
      0.5013256669044495,
      0.5013900399208069,
      0.5014429688453674,
      0.5014697909355164,
      0.5015124082565308,
      0.5015679597854614,
      0.5016485452651978,
      0.5017239451408386,
      0.5017924308776855,
      0.5018643736839294,
      0.5019338726997375,
      0.5019897222518921,
      0.5020567178726196,
      0.5021109580993652,
      0.5021646618843079,
      0.5022081732749939,
      0.5022501945495605,
      0.5022941827774048,
      0.5023377537727356,
      0.5023823380470276,
      0.5024327635765076,
      0.502476692199707,
      0.5025195479393005,
      0.5025579929351807,
      0.5025704503059387,
      0.5026007294654846,
      0.5026418566703796,
      0.5026729702949524,
      0.5026925802230835,
      0.5027273297309875,
      0.5027480125427246,
      0.50275719165802,
      0.502793550491333,
      0.5028190016746521,
      0.5028596520423889,
      0.5028999447822571,
      0.5029426217079163,
      0.5029889941215515,
      0.5030609369277954,
      0.5031366944313049,
      0.5032305717468262,
      0.5033305287361145,
      0.503446102142334
    ],
    "threshold": [
      0.00014371717406902462,
      0.00015587372763548046,
      0.0001819612953113392,
      0.0001145058631664142,
      0.00013165718701202422,
      0.00014420002116821706,
      0.00013586750719696283,
      0.00017033901531249285,
      0.00015026814071461558,
      0.00014002653188072145,
      0.00011674076813505962,
      0.00012753182090818882,
      0.00014849183207843453,
      0.0001408804819220677,
      0.00013945634418632835,
      0.00014853621541988105,
      8.649379742564633e-05,
      0.00015018487465567887,
      0.00014324604126159102,
      0.0001519976503914222,
      0.00012403992877807468,
      0.00019641072140075266,
      0.0001678069675108418,
      0.0001299091090913862,
      0.00015408991021104157,
      0.00013464002404361963,
      0.0001676726242294535,
      0.0001659513800404966,
      0.0001802472397685051,
      0.00016001443145796657,
      0.00015082804020494223,
      0.0001518239441793412,
      0.00014028482837602496,
      0.0001430432457709685,
      0.00013189384480938315,
      0.00012941690511070192,
      0.000128823725390248,
      0.00016487453831359744,
      0.0001674063823884353,
      0.00014418635691981763,
      0.00013764650793746114,
      0.00014497297524940223,
      0.00016847507504280657,
      0.00015752202307339758,
      0.00013935698370914906,
      0.00014751404523849487,
      8.714837895240635e-05,
      0.00013884757936466485,
      0.00016356971173081547,
      0.000128629500977695,
      0.00015486007032450289,
      0.0001305830228375271,
      8.686687215231359e-05,
      1.4695250683871564e-05,
      0.00012845614401157945,
      0.00017663472681306303,
      0.00014058825036045164,
      0.00012949398660566658,
      0.00013484126247931272,
      0.00012439647980500013,
      0.00010491772263776511,
      0.00018149748211726546,
      0.00013189573655836284,
      0.0001333931286353618,
      0.0001426156231900677,
      0.0001541137316962704,
      0.00013180721725802869,
      0.0001349214871879667,
      0.00013820722233504057,
      0.00014088979514781386,
      0.0001533707691123709,
      0.00014372743316926062,
      0.0001077168999472633,
      0.00014937378000468016,
      0.0001398794265696779,
      0.0001085427138605155,
      0.00012182092177681625,
      0.00012158031313447282,
      0.00012695873738266528,
      0.0001323842298006639
    ]
  }
}