{
  "train_loss": [
    1.3867146015167235,
    1.386693501472473,
    1.387362813949585,
    1.3866749286651612,
    1.3864269256591797,
    1.387086844444275,
    1.386712622642517,
    1.386886429786682,
    1.3875011205673218,
    1.3872349500656127,
    1.3872434616088867,
    1.3872590065002441,
    1.38673677444458,
    1.3870225429534913,
    1.3866912126541138,
    1.387147569656372,
    1.3865267038345337,
    1.3876742601394654,
    1.3869494199752808,
    1.3862192630767822,
    1.3869706392288208,
    1.3865549087524414,
    1.3868939876556396,
    1.386691117286682,
    1.387366271018982,
    1.3870523929595948,
    1.3871085405349732,
    1.386405348777771,
    1.3877248525619508,
    1.3872637748718262,
    1.3867894887924195,
    1.386713457107544,
    1.3866267442703246,
    1.3866682767868042,
    1.3864927291870117,
    1.386843991279602,
    1.386816668510437,
    1.3871705532073975,
    1.386257576942444,
    1.3877002716064453,
    1.386525559425354,
    1.386465311050415,
    1.3872877359390259,
    1.3859914302825929,
    1.3865303993225098,
    1.3866329193115234,
    1.3877031564712525,
    1.3860928535461425,
    1.3863020896911622,
    1.3875930547714233,
    1.3863243579864502,
    1.3858242750167846,
    1.3862864255905152,
    1.3865015983581543,
    1.3868218421936036,
    1.3868662357330321,
    1.3862564086914062,
    1.3867865562438966,
    1.3861568450927735,
    1.386633563041687,
    1.3870667934417724,
    1.3858673810958861,
    1.3863171100616456,
    1.386401891708374,
    1.386720395088196,
    1.3860589742660523,
    1.3864084243774415,
    1.3874581813812257,
    1.386381983757019,
    1.385744285583496,
    1.3872224807739257,
    1.3866912841796875,
    1.386964464187622,
    1.3867488384246827,
    1.3860526084899902,
    1.3865180969238282,
    1.387046790122986,
    1.3864718198776245,
    1.3875603437423707,
    1.3866907835006714
  ],
  "val_loss": [
    1.3883501291275024,
    1.3849451541900635,
    1.388073205947876,
    1.3845677375793457,
    1.389312982559204,
    1.3896251916885376,
    1.390942096710205,
    1.3871619701385498,
    1.388536810874939,
    1.3867162466049194,
    1.385399580001831,
    1.3867135047912598,
    1.3872076272964478,
    1.3878675699234009,
    1.3880749940872192,
    1.3831253051757812,
    1.3874242305755615,
    1.3854138851165771,
    1.3856685161590576,
    1.3846080303192139,
    1.3905969858169556,
    1.3845725059509277,
    1.3886566162109375,
    1.3885259628295898,
    1.3884608745574951,
    1.3871216773986816,
    1.387768030166626,
    1.389070987701416,
    1.3869142532348633,
    1.3854706287384033,
    1.3853657245635986,
    1.3857123851776123,
    1.389345645904541,
    1.3873980045318604,
    1.3866268396377563,
    1.385927677154541,
    1.388355016708374,
    1.3880022764205933,
    1.389369010925293,
    1.3895270824432373,
    1.3873523473739624,
    1.3867037296295166,
    1.3879082202911377,
    1.3937656879425049,
    1.3867138624191284,
    1.387479305267334,
    1.389298915863037,
    1.387507438659668,
    1.388188362121582,
    1.3826649188995361,
    1.3861045837402344,
    1.3888649940490723,
    1.3838598728179932,
    1.3839223384857178,
    1.3887137174606323,
    1.3824431896209717,
    1.3843938112258911,
    1.3876442909240723,
    1.3846042156219482,
    1.384110450744629,
    1.3903121948242188,
    1.385535478591919,
    1.3800541162490845,
    1.3828433752059937,
    1.387092113494873,
    1.3879179954528809,
    1.3919670581817627,
    1.3884328603744507,
    1.3843729496002197,
    1.3880846500396729,
    1.3864500522613525,
    1.3877302408218384,
    1.3848910331726074,
    1.3842393159866333,
    1.3858156204223633,
    1.3840227127075195,
    1.3857417106628418,
    1.3859517574310303,
    1.3849159479141235,
    1.390254020690918
  ],
  "selector_alpha": [
    0.49987509846687317,
    0.4997767508029938,
    0.4996676743030548,
    0.4995766878128052,
    0.4995547831058502,
    0.4995468258857727,
    0.49959132075309753,
    0.49966078996658325,
    0.4997469186782837,
    0.4998190999031067,
    0.4999028146266937,
    0.4999544620513916,
    0.5000199675559998,
    0.5000888705253601,
    0.5001242160797119,
    0.5001692175865173,
    0.5002199411392212,
    0.5002633333206177,
    0.5003160834312439,
    0.5003875494003296,
    0.5004683136940002,
    0.500552773475647,
    0.5006231069564819,
    0.500691831111908,
    0.5007451772689819,
    0.50077885389328,
    0.5008153915405273,
    0.500857949256897,
    0.5009140968322754,
    0.5009705424308777,
    0.5010066032409668,
    0.5010396838188171,
    0.5010818839073181,
    0.5011033415794373,
    0.5011464357376099,
    0.5011978149414062,
    0.5012611150741577,
    0.5013256669044495,
    0.5013900399208069,
    0.5014429688453674,
    0.5014697909355164,
    0.5015124082565308,
    0.5015679597854614,
    0.5016485452651978,
    0.5017239451408386,
    0.5017924308776855,
    0.5018643736839294,
    0.5019338726997375,
    0.5019897222518921,
    0.5020567178726196,
    0.5021109580993652,
    0.5021646618843079,
    0.5022081732749939,
    0.5022501945495605,
    0.5022941827774048,
    0.5023377537727356,
    0.5023823380470276,
    0.5024327635765076,
    0.502476692199707,
    0.5025195479393005,
    0.5025579929351807,
    0.5025704503059387,
    0.5026007294654846,
    0.5026418566703796,
    0.5026729702949524,
    0.5026925802230835,
    0.5027273297309875,
    0.5027480125427246,
    0.50275719165802,
    0.502793550491333,
    0.5028190016746521,
    0.5028596520423889,
    0.5028999447822571,
    0.5029426217079163,
    0.5029889941215515,
    0.5030609369277954,
    0.5031366944313049,
    0.5032305717468262,
    0.5033305287361145,
    0.503446102142334
  ],