{
  "mrr": 0.7390618324279785,
  "auc": 0.9879979915302827,
  "ap": 0.5682289567402693,
  "hits@1": 0.6167429089546204,
  "hits@3": 0.8374584317207336,
  "hits@10": 0.9412931799888611,
  "hits@50": 0.9971151947975159,
  "hits@100": 0.9999816417694092
}