{
  "mrr": 0.3327476382255554,
  "auc": 0.8659979276745254,
  "ap": 0.07355961108671998,
  "hits@1": 0.19311687350273132,
  "hits@3": 0.3704683780670166,
  "hits@10": 0.6428164839744568,
  "hits@50": 0.950958251953125,
  "hits@100": 0.9999632239341736
}