{
  "mrr": 0.6428437232971191,
  "auc": 0.9798519888156512,
  "ap": 0.42232996000442896,
  "hits@1": 0.4894438087940216,
  "hits@3": 0.753302812576294,
  "hits@10": 0.9248296022415161,
  "hits@50": 0.9957738518714905,
  "hits@100": 1.0
}